No,TestSize,Precision,Recall,Accuracy,F1,Model
1,0.2,0.9965811965811966,0.9931856899488927,0.9940209267563528,0.9948805460750852,knn
2,0.2,0.6852286049237983,0.995741056218058,0.7299451918285998,0.8118055555555556,lr
3,0.2,0.9128491620111732,0.6959114139693356,0.7832585949177877,0.7897535041082648,lsvc
4,0.2,0.8664206642066421,1.0,0.9098156452416543,0.9284302095689996,svc
5,0.2,0.9982788296041308,0.9880749574105622,0.9920279023418037,0.9931506849315068,dt
6,0.2,1.0,1.0,1.0,1.0,rf
7,0.2,1.0,0.9991482112436116,0.9995017438963627,0.9995739241585002,gb
8,0.2,0.9002493765586035,0.6149914821124361,0.7349277528649726,0.7307692307692308,gnb
9,0.2,0.7758830694275274,0.5425894378194208,0.6407573492775287,0.63859649122807,bnb
10,0.2,0.8954937679769894,0.7955706984667802,0.8261086198305929,0.8425800631483986,mnb
11,0.2,0.862730627306273,0.995741056218058,0.9048330842052815,0.9244760775009885,lstm
12,0.2,0.5849526656701545,1.0,0.5849526656701545,0.7381326626846904,cnn
13,0.3,0.9925501432664756,0.9931192660550459,0.9916943521594684,0.9928346231011752,knn
14,0.3,0.676171875,0.992545871559633,0.720265780730897,0.8043680297397768,lr
15,0.3,0.9563794983642312,0.5028669724770642,0.6986710963455149,0.6591506952273581,lsvc
16,0.3,0.8633663366336634,1.0,0.9083056478405316,0.9266737513283742,svc
17,0.3,0.998840579710145,0.9879587155963303,0.992358803986711,0.9933698472182185,dt
18,0.3,1.0,0.9994266055045872,0.9996677740863787,0.9997132205334098,rf
19,0.3,1.0,0.9988532110091743,0.9993355481727575,0.9994262765347103,gb
20,0.3,0.9066115702479339,0.6290137614678899,0.7475083056478405,0.7427217332430603,gnb
21,0.3,0.7599351175993512,0.5372706422018348,0.6335548172757475,0.6294927779643937,bnb
22,0.3,0.8908268733850129,0.7907110091743119,0.8225913621262458,0.8377885783718104,mnb
23,0.3,0.8557312252964426,0.9931192660550459,0.8990033222591363,0.9193205944798302,lstm
24,0.3,0.5794019933554817,1.0,0.5794019933554817,0.7336979385780396,cnn
25,0.4,0.9944037882049075,0.9944037882049075,0.99352105656616,0.9944037882049075,knn
26,0.4,0.676159718144451,0.9913904433921653,0.7201594816845253,0.8039797521382439,lr
27,0.4,0.8733087330873309,0.9169177787343952,0.8749065537004734,0.8945821083578329,lsvc
28,0.4,0.8571955719557196,1.0,0.903563418888612,0.9231074905622889,svc
29,0.4,0.9991289198606271,0.9875161429186397,0.9922751059058061,0.9932885906040267,dt
30,0.4,1.0,1.0,1.0,1.0,rf
31,0.4,0.9995693367786391,0.9991390443392165,0.9992524296037877,0.9993541442411196,gb
32,0.4,0.906832298136646,0.6284976323719328,0.74757039621231,0.7424357996440376,gnb
33,0.4,0.7601947656725502,0.5376668101592768,0.6341888861201096,0.6298537569339384,bnb
34,0.4,0.8820732287208749,0.7985363753766681,0.8215798654373286,0.8382286488929055,mnb
35,0.4,0.8335127377108001,1.0,0.8843757787191627,0.909197651663405,lstm
36,0.4,0.5788686768003987,1.0,0.5788686768003987,0.733270202020202,cnn
37,0.2,0.9965811965811966,0.9931856899488927,0.9940209267563528,0.9948805460750852,knn
38,0.2,0.6852286049237983,0.995741056218058,0.7299451918285998,0.8118055555555556,lr
39,0.2,0.9207818930041153,0.762350936967632,0.8226208271051321,0.8341099720410066,lsvc
40,0.2,0.8664206642066421,1.0,0.9098156452416543,0.9284302095689996,svc
41,0.2,0.9982788296041308,0.9880749574105622,0.9920279023418037,0.9931506849315068,dt
42,0.2,1.0,1.0,1.0,1.0,rf
43,0.2,1.0,0.9991482112436116,0.9995017438963627,0.9995739241585002,gb
44,0.2,0.9002493765586035,0.6149914821124361,0.7349277528649726,0.7307692307692308,gnb
45,0.2,0.7758830694275274,0.5425894378194208,0.6407573492775287,0.63859649122807,bnb
46,0.2,0.8954937679769894,0.7955706984667802,0.8261086198305929,0.8425800631483986,mnb
47,0.2,0.8590308370044053,0.9965928449744463,0.9023418036870952,0.9227129337539433,lstm
48,0.2,0.5849526656701545,1.0,0.5849526656701545,0.7381326626846904,cnn
49,0.3,0.9925501432664756,0.9931192660550459,0.9916943521594684,0.9928346231011752,knn
50,0.3,0.676171875,0.992545871559633,0.720265780730897,0.8043680297397768,lr
51,0.3,0.8614130434782609,0.9088302752293578,0.8624584717607974,0.8844866071428571,lsvc
52,0.3,0.8633663366336634,1.0,0.9083056478405316,0.9266737513283742,svc
53,0.3,0.998840579710145,0.9879587155963303,0.992358803986711,0.9933698472182185,dt
54,0.3,1.0,0.9994266055045872,0.9996677740863787,0.9997132205334098,rf
55,0.3,1.0,0.9988532110091743,0.9993355481727575,0.9994262765347103,gb
56,0.3,0.9066115702479339,0.6290137614678899,0.7475083056478405,0.7427217332430603,gnb
57,0.3,0.7599351175993512,0.5372706422018348,0.6335548172757475,0.6294927779643937,bnb
58,0.3,0.8908268733850129,0.7907110091743119,0.8225913621262458,0.8377885783718104,mnb
59,0.3,0.8515625,1.0,0.8990033222591363,0.919831223628692,lstm
60,0.3,0.5794019933554817,1.0,0.5794019933554817,0.7336979385780396,cnn
61,0.4,0.9944037882049075,0.9944037882049075,0.99352105656616,0.9944037882049075,knn
62,0.4,0.676159718144451,0.9913904433921653,0.7201594816845253,0.8039797521382439,lr
63,0.4,0.8362131029517639,1.0,0.8866184899077997,0.9108018035679278,lsvc
64,0.4,0.8571955719557196,1.0,0.903563418888612,0.9231074905622889,svc
65,0.4,0.9991289198606271,0.9875161429186397,0.9922751059058061,0.9932885906040267,dt
66,0.4,1.0,1.0,1.0,1.0,rf
67,0.4,0.9995693367786391,0.9991390443392165,0.9992524296037877,0.9993541442411196,gb
68,0.4,0.906832298136646,0.6284976323719328,0.74757039621231,0.7424357996440376,gnb
69,0.4,0.7601947656725502,0.5376668101592768,0.6341888861201096,0.6298537569339384,bnb
70,0.4,0.8820732287208749,0.7985363753766681,0.8215798654373286,0.8382286488929055,mnb
71,0.4,0.8441133720930233,1.0,0.8930974333416397,0.9154679802955665,lstm
72,0.4,0.5788686768003987,1.0,0.5788686768003987,0.733270202020202,cnn
73,0.2,0.9965811965811966,0.9931856899488927,0.9940209267563528,0.9948805460750852,knn
74,0.2,0.6852286049237983,0.995741056218058,0.7299451918285998,0.8118055555555556,lr
75,0.2,0.8965853658536586,0.782793867120954,0.8201295465869457,0.8358344702137336,lsvc
76,0.2,0.8664206642066421,1.0,0.9098156452416543,0.9284302095689996,svc
77,0.2,0.9982788296041308,0.9880749574105622,0.9920279023418037,0.9931506849315068,dt
78,0.2,1.0,1.0,1.0,1.0,rf
79,0.2,1.0,0.9991482112436116,0.9995017438963627,0.9995739241585002,gb
80,0.2,0.9002493765586035,0.6149914821124361,0.7349277528649726,0.7307692307692308,gnb
81,0.2,0.7758830694275274,0.5425894378194208,0.6407573492775287,0.63859649122807,bnb
82,0.2,0.8954937679769894,0.7955706984667802,0.8261086198305929,0.8425800631483986,mnb
83,0.2,0.8646449704142012,0.995741056218058,0.9063278525161933,0.9255740300870943,lstm
84,0.2,0.5849526656701545,1.0,0.5849526656701545,0.7381326626846904,cnn
85,0.3,0.9925501432664756,0.9931192660550459,0.9916943521594684,0.9928346231011752,knn
86,0.3,0.676171875,0.992545871559633,0.720265780730897,0.8043680297397768,lr
87,0.3,0.9363847944142746,0.6920871559633027,0.7943521594684385,0.795911638641609,lsvc
88,0.3,0.8633663366336634,1.0,0.9083056478405316,0.9266737513283742,svc
89,0.3,0.998840579710145,0.9879587155963303,0.992358803986711,0.9933698472182185,dt
90,0.3,1.0,0.9994266055045872,0.9996677740863787,0.9997132205334098,rf
91,0.3,1.0,0.9988532110091743,0.9993355481727575,0.9994262765347103,gb
92,0.3,0.9066115702479339,0.6290137614678899,0.7475083056478405,0.7427217332430603,gnb
93,0.3,0.7599351175993512,0.5372706422018348,0.6335548172757475,0.6294927779643937,bnb
94,0.3,0.8908268733850129,0.7907110091743119,0.8225913621262458,0.8377885783718104,mnb
95,0.3,0.8482490272373541,1.0,0.8963455149501661,0.9178947368421052,lstm
96,0.3,0.5794019933554817,1.0,0.5794019933554817,0.7336979385780396,cnn
97,0.4,0.9944037882049075,0.9944037882049075,0.99352105656616,0.9944037882049075,knn
98,0.4,0.676159718144451,0.9913904433921653,0.7201594816845253,0.8039797521382439,lr
99,0.4,0.8609539207760711,0.9169177787343952,0.8661848990779966,0.8880550343964978,lsvc
100,0.4,0.8571955719557196,1.0,0.903563418888612,0.9231074905622889,svc
101,0.4,0.9991289198606271,0.9875161429186397,0.9922751059058061,0.9932885906040267,dt
102,0.4,1.0,1.0,1.0,1.0,rf
103,0.4,0.9995693367786391,0.9991390443392165,0.9992524296037877,0.9993541442411196,gb
104,0.4,0.906832298136646,0.6284976323719328,0.74757039621231,0.7424357996440376,gnb
105,0.4,0.7601947656725502,0.5376668101592768,0.6341888861201096,0.6298537569339384,bnb
106,0.4,0.8820732287208749,0.7985363753766681,0.8215798654373286,0.8382286488929055,mnb
107,0.4,0.8326164874551971,1.0,0.8836282083229504,0.9086641893213377,lstm
108,0.4,0.5788686768003987,1.0,0.5788686768003987,0.733270202020202,cnn
109,0.2,0.9965811965811966,0.9931856899488927,0.9940209267563528,0.9948805460750852,knn
110,0.2,0.6852286049237983,0.995741056218058,0.7299451918285998,0.8118055555555556,lr
111,0.2,0.8683360258481422,0.9156729131175468,0.8694569008470354,0.8913764510779436,lsvc
112,0.2,0.8664206642066421,1.0,0.9098156452416543,0.9284302095689996,svc
113,0.2,0.9982788296041308,0.9880749574105622,0.9920279023418037,0.9931506849315068,dt
114,0.2,1.0,1.0,1.0,1.0,rf
115,0.2,1.0,0.9991482112436116,0.9995017438963627,0.9995739241585002,gb
116,0.2,0.9002493765586035,0.6149914821124361,0.7349277528649726,0.7307692307692308,gnb
117,0.2,0.7758830694275274,0.5425894378194208,0.6407573492775287,0.63859649122807,bnb
118,0.2,0.8954937679769894,0.7955706984667802,0.8261086198305929,0.8425800631483986,mnb
119,0.2,0.8596620132255695,0.9965928449744463,0.9028400597907325,0.9230769230769231,lstm
120,0.2,0.5849526656701545,1.0,0.5849526656701545,0.7381326626846904,cnn
121,0.3,0.9925501432664756,0.9931192660550459,0.9916943521594684,0.9928346231011752,knn
122,0.3,0.676171875,0.992545871559633,0.720265780730897,0.8043680297397768,lr
123,0.3,0.8764568764568764,0.8623853211009175,0.8498338870431894,0.869364161849711,lsvc
124,0.3,0.8633663366336634,1.0,0.9083056478405316,0.9266737513283742,svc
125,0.3,0.998840579710145,0.9879587155963303,0.992358803986711,0.9933698472182185,dt
126,0.3,1.0,0.9994266055045872,0.9996677740863787,0.9997132205334098,rf
127,0.3,1.0,0.9988532110091743,0.9993355481727575,0.9994262765347103,gb
128,0.3,0.9066115702479339,0.6290137614678899,0.7475083056478405,0.7427217332430603,gnb
129,0.3,0.7599351175993512,0.5372706422018348,0.6335548172757475,0.6294927779643937,bnb
130,0.3,0.8908268733850129,0.7907110091743119,0.8225913621262458,0.8377885783718104,mnb
131,0.3,0.8519785051294577,1.0,0.8993355481727575,0.9200738591400686,lstm
132,0.3,0.5794019933554817,1.0,0.5794019933554817,0.7336979385780396,cnn
133,0.4,0.9944037882049075,0.9944037882049075,0.99352105656616,0.9944037882049075,knn
134,0.4,0.676159718144451,0.9913904433921653,0.7201594816845253,0.8039797521382439,lr
135,0.4,0.8609539207760711,0.9169177787343952,0.8661848990779966,0.8880550343964978,lsvc
136,0.4,0.8571955719557196,1.0,0.903563418888612,0.9231074905622889,svc
137,0.4,0.9991289198606271,0.9875161429186397,0.9922751059058061,0.9932885906040267,dt
138,0.4,1.0,1.0,1.0,1.0,rf
139,0.4,0.9995693367786391,0.9991390443392165,0.9992524296037877,0.9993541442411196,gb
140,0.4,0.906832298136646,0.6284976323719328,0.74757039621231,0.7424357996440376,gnb
141,0.4,0.7601947656725502,0.5376668101592768,0.6341888861201096,0.6298537569339384,bnb
142,0.4,0.8820732287208749,0.7985363753766681,0.8215798654373286,0.8382286488929055,mnb
143,0.4,0.8478181151448478,0.995264743865691,0.893845003737852,0.9156435643564357,lstm
144,0.4,0.5788686768003987,1.0,0.5788686768003987,0.733270202020202,cnn
145,0.2,0.9965811965811966,0.9931856899488927,0.9940209267563528,0.9948805460750852,knn
146,0.2,0.6852286049237983,0.995741056218058,0.7299451918285998,0.8118055555555556,lr
147,0.2,0.8932135728542914,0.762350936967632,0.807673143996014,0.8226102941176471,lsvc
148,0.2,0.8664206642066421,1.0,0.9098156452416543,0.9284302095689996,svc
149,0.2,0.9982788296041308,0.9880749574105622,0.9920279023418037,0.9931506849315068,dt
150,0.2,1.0,1.0,1.0,1.0,rf
151,0.2,1.0,0.9991482112436116,0.9995017438963627,0.9995739241585002,gb
152,0.2,0.9002493765586035,0.6149914821124361,0.7349277528649726,0.7307692307692308,gnb
153,0.2,0.7758830694275274,0.5425894378194208,0.6407573492775287,0.63859649122807,bnb
154,0.2,0.8954937679769894,0.7955706984667802,0.8261086198305929,0.8425800631483986,mnb
155,0.2,0.8361823361823362,1.0,0.885401096163428,0.9107835531419705,lstm
156,0.2,0.5849526656701545,1.0,0.5849526656701545,0.7381326626846904,cnn
157,0.3,0.9925501432664756,0.9931192660550459,0.9916943521594684,0.9928346231011752,knn
158,0.3,0.676171875,0.992545871559633,0.720265780730897,0.8043680297397768,lr
159,0.3,0.9558011049723757,0.4959862385321101,0.6946843853820598,0.6530766326915818,lsvc
160,0.3,0.8633663366336634,1.0,0.9083056478405316,0.9266737513283742,svc
161,0.3,0.998840579710145,0.9879587155963303,0.992358803986711,0.9933698472182185,dt
162,0.3,1.0,0.9994266055045872,0.9996677740863787,0.9997132205334098,rf
163,0.3,1.0,0.9988532110091743,0.9993355481727575,0.9994262765347103,gb
164,0.3,0.9066115702479339,0.6290137614678899,0.7475083056478405,0.7427217332430603,gnb
165,0.3,0.7599351175993512,0.5372706422018348,0.6335548172757475,0.6294927779643937,bnb
166,0.3,0.8908268733850129,0.7907110091743119,0.8225913621262458,0.8377885783718104,mnb
167,0.3,0.871131119864941,0.8876146788990825,0.8588039867109635,0.8792956546435671,lstm
168,0.3,0.5794019933554817,1.0,0.5794019933554817,0.7336979385780396,cnn
169,0.4,0.9944037882049075,0.9944037882049075,0.99352105656616,0.9944037882049075,knn
170,0.4,0.676159718144451,0.9913904433921653,0.7201594816845253,0.8039797521382439,lr
171,0.4,0.8747433264887063,0.9169177787343952,0.8759033142287566,0.8953341740226985,lsvc
172,0.4,0.8571955719557196,1.0,0.903563418888612,0.9231074905622889,svc
173,0.4,0.9991289198606271,0.9875161429186397,0.9922751059058061,0.9932885906040267,dt
174,0.4,1.0,1.0,1.0,1.0,rf
175,0.4,0.9995693367786391,0.9991390443392165,0.9992524296037877,0.9993541442411196,gb
176,0.4,0.906832298136646,0.6284976323719328,0.74757039621231,0.7424357996440376,gnb
177,0.4,0.7601947656725502,0.5376668101592768,0.6341888861201096,0.6298537569339384,bnb
178,0.4,0.8820732287208749,0.7985363753766681,0.8215798654373286,0.8382286488929055,mnb
179,0.4,0.8476190476190476,0.9961256995264743,0.8940941938699227,0.9158915495745101,lstm
180,0.4,0.5788686768003987,1.0,0.5788686768003987,0.733270202020202,cnn
181,0.2,0.9965811965811966,0.9931856899488927,0.9940209267563528,0.9948805460750852,knn
182,0.2,0.6852286049237983,0.995741056218058,0.7299451918285998,0.8118055555555556,lr
183,0.2,0.9265734265734266,0.6771720613287905,0.7797708021923269,0.78248031496063,lsvc
184,0.2,0.8664206642066421,1.0,0.9098156452416543,0.9284302095689996,svc
185,0.2,0.9982788296041308,0.9880749574105622,0.9920279023418037,0.9931506849315068,dt
186,0.2,1.0,1.0,1.0,1.0,rf
187,0.2,1.0,0.9991482112436116,0.9995017438963627,0.9995739241585002,gb
188,0.2,0.9002493765586035,0.6149914821124361,0.7349277528649726,0.7307692307692308,gnb
189,0.2,0.7758830694275274,0.5425894378194208,0.6407573492775287,0.63859649122807,bnb
190,0.2,0.8954937679769894,0.7955706984667802,0.8261086198305929,0.8425800631483986,mnb
191,0.2,0.8626577579806979,0.989778534923339,0.9018435475834579,0.9218564061880206,lstm
192,0.2,0.5849526656701545,1.0,0.5849526656701545,0.7381326626846904,cnn
193,0.3,0.9925501432664756,0.9931192660550459,0.9916943521594684,0.9928346231011752,knn
194,0.3,0.676171875,0.992545871559633,0.720265780730897,0.8043680297397768,lr
195,0.3,0.8805555555555555,0.9088302752293578,0.8757475083056478,0.8944695259593679,lsvc
196,0.3,0.8633663366336634,1.0,0.9083056478405316,0.9266737513283742,svc
197,0.3,0.998840579710145,0.9879587155963303,0.992358803986711,0.9933698472182185,dt
198,0.3,1.0,0.9994266055045872,0.9996677740863787,0.9997132205334098,rf
199,0.3,1.0,0.9988532110091743,0.9993355481727575,0.9994262765347103,gb
200,0.3,0.9066115702479339,0.6290137614678899,0.7475083056478405,0.7427217332430603,gnb
201,0.3,0.7599351175993512,0.5372706422018348,0.6335548172757475,0.6294927779643937,bnb
202,0.3,0.8908268733850129,0.7907110091743119,0.8225913621262458,0.8377885783718104,mnb
203,0.3,0.8511469009272816,1.0,0.8986710963455149,0.9195887160558924,lstm
204,0.3,0.5794019933554817,1.0,0.5794019933554817,0.7336979385780396,cnn
205,0.4,0.9944037882049075,0.9944037882049075,0.99352105656616,0.9944037882049075,knn
206,0.4,0.676159718144451,0.9913904433921653,0.7201594816845253,0.8039797521382439,lr
207,0.4,0.8715220949263502,0.9169177787343952,0.8736606030401196,0.8936438011327879,lsvc
208,0.4,0.8571955719557196,1.0,0.903563418888612,0.9231074905622889,svc
209,0.4,0.9991289198606271,0.9875161429186397,0.9922751059058061,0.9932885906040267,dt
210,0.4,1.0,1.0,1.0,1.0,rf
211,0.4,0.9995693367786391,0.9991390443392165,0.9992524296037877,0.9993541442411196,gb
212,0.4,0.906832298136646,0.6284976323719328,0.74757039621231,0.7424357996440376,gnb
213,0.4,0.7601947656725502,0.5376668101592768,0.6341888861201096,0.6298537569339384,bnb
214,0.4,0.8820732287208749,0.7985363753766681,0.8215798654373286,0.8382286488929055,mnb
215,0.4,0.8441133720930233,1.0,0.8930974333416397,0.9154679802955665,lstm
216,0.4,0.5788686768003987,1.0,0.5788686768003987,0.733270202020202,cnn
217,0.2,0.9965811965811966,0.9931856899488927,0.9940209267563528,0.9948805460750852,knn
218,0.2,0.6852286049237983,0.995741056218058,0.7299451918285998,0.8118055555555556,lr
219,0.2,0.8446043165467626,1.0,0.8923766816143498,0.9157566302652107,lsvc
220,0.2,0.8664206642066421,1.0,0.9098156452416543,0.9284302095689996,svc
221,0.2,0.9982788296041308,0.9880749574105622,0.9920279023418037,0.9931506849315068,dt
222,0.2,1.0,1.0,1.0,1.0,rf
223,0.2,1.0,0.9991482112436116,0.9995017438963627,0.9995739241585002,gb
224,0.2,0.9002493765586035,0.6149914821124361,0.7349277528649726,0.7307692307692308,gnb
225,0.2,0.7758830694275274,0.5425894378194208,0.6407573492775287,0.63859649122807,bnb
226,0.2,0.8954937679769894,0.7955706984667802,0.8261086198305929,0.8425800631483986,mnb
227,0.2,0.8562043795620438,0.9991482112436116,0.9013452914798207,0.9221698113207547,lstm
228,0.2,0.5849526656701545,1.0,0.5849526656701545,0.7381326626846904,cnn
229,0.3,0.9925501432664756,0.9931192660550459,0.9916943521594684,0.9928346231011752,knn
230,0.3,0.676171875,0.992545871559633,0.720265780730897,0.8043680297397768,lr
231,0.3,0.9584631360332295,0.529243119266055,0.713953488372093,0.6819357222016993,lsvc
232,0.3,0.8633663366336634,1.0,0.9083056478405316,0.9266737513283742,svc
233,0.3,0.998840579710145,0.9879587155963303,0.992358803986711,0.9933698472182185,dt
234,0.3,1.0,0.9994266055045872,0.9996677740863787,0.9997132205334098,rf
235,0.3,1.0,0.9988532110091743,0.9993355481727575,0.9994262765347103,gb
236,0.3,0.9066115702479339,0.6290137614678899,0.7475083056478405,0.7427217332430603,gnb
237,0.3,0.7599351175993512,0.5372706422018348,0.6335548172757475,0.6294927779643937,bnb
238,0.3,0.8908268733850129,0.7907110091743119,0.8225913621262458,0.8377885783718104,mnb
239,0.3,0.8388648388648389,1.0,0.8887043189368771,0.912372482343709,lstm
240,0.3,0.5794019933554817,1.0,0.5794019933554817,0.7336979385780396,cnn
241,0.4,0.9944037882049075,0.9944037882049075,0.99352105656616,0.9944037882049075,knn
242,0.4,0.676159718144451,0.9913904433921653,0.7201594816845253,0.8039797521382439,lr
243,0.4,0.8374188896899784,1.0,0.8876152504360827,0.9115165783794389,lsvc
244,0.4,0.8571955719557196,1.0,0.903563418888612,0.9231074905622889,svc
245,0.4,0.9991289198606271,0.9875161429186397,0.9922751059058061,0.9932885906040267,dt
246,0.4,1.0,1.0,1.0,1.0,rf
247,0.4,0.9995693367786391,0.9991390443392165,0.9992524296037877,0.9993541442411196,gb
248,0.4,0.906832298136646,0.6284976323719328,0.74757039621231,0.7424357996440376,gnb
249,0.4,0.7601947656725502,0.5376668101592768,0.6341888861201096,0.6298537569339384,bnb
250,0.4,0.8820732287208749,0.7985363753766681,0.8215798654373286,0.8382286488929055,mnb
251,0.4,0.8478181151448478,0.995264743865691,0.893845003737852,0.9156435643564357,lstm
252,0.4,0.5788686768003987,1.0,0.5788686768003987,0.733270202020202,cnn
253,0.2,0.9965811965811966,0.9931856899488927,0.9940209267563528,0.9948805460750852,knn
254,0.2,0.6852286049237983,0.995741056218058,0.7299451918285998,0.8118055555555556,lr
255,0.2,0.8739837398373984,0.9156729131175468,0.8734429496761336,0.8943427620632279,lsvc
256,0.2,0.8664206642066421,1.0,0.9098156452416543,0.9284302095689996,svc
257,0.2,0.9982788296041308,0.9880749574105622,0.9920279023418037,0.9931506849315068,dt
258,0.2,1.0,1.0,1.0,1.0,rf
259,0.2,1.0,0.9991482112436116,0.9995017438963627,0.9995739241585002,gb
260,0.2,0.9002493765586035,0.6149914821124361,0.7349277528649726,0.7307692307692308,gnb
261,0.2,0.7758830694275274,0.5425894378194208,0.6407573492775287,0.63859649122807,bnb
262,0.2,0.8954937679769894,0.7955706984667802,0.8261086198305929,0.8425800631483986,mnb
263,0.2,0.8742762613730356,0.9003407155025553,0.8659691081215745,0.8871170793117918,lstm
264,0.2,0.5849526656701545,1.0,0.5849526656701545,0.7381326626846904,cnn
265,0.3,0.9925501432664756,0.9931192660550459,0.9916943521594684,0.9928346231011752,knn
266,0.3,0.676171875,0.992545871559633,0.720265780730897,0.8043680297397768,lr
267,0.3,0.8396726047183438,1.0,0.8893687707641196,0.9128500392567391,lsvc
268,0.3,0.8633663366336634,1.0,0.9083056478405316,0.9266737513283742,svc
269,0.3,0.998840579710145,0.9879587155963303,0.992358803986711,0.9933698472182185,dt
270,0.3,1.0,0.9994266055045872,0.9996677740863787,0.9997132205334098,rf
271,0.3,1.0,0.9988532110091743,0.9993355481727575,0.9994262765347103,gb
272,0.3,0.9066115702479339,0.6290137614678899,0.7475083056478405,0.7427217332430603,gnb
273,0.3,0.7599351175993512,0.5372706422018348,0.6335548172757475,0.6294927779643937,bnb
274,0.3,0.8908268733850129,0.7907110091743119,0.8225913621262458,0.8377885783718104,mnb
275,0.3,0.8557312252964426,0.9931192660550459,0.8990033222591363,0.9193205944798302,lstm
276,0.3,0.5794019933554817,1.0,0.5794019933554817,0.7336979385780396,cnn
277,0.4,0.9944037882049075,0.9944037882049075,0.99352105656616,0.9944037882049075,knn
278,0.4,0.676159718144451,0.9913904433921653,0.7201594816845253,0.8039797521382439,lr
279,0.4,0.913491246138002,0.7636676711149376,0.8213306753052579,0.8318874560375147,lsvc
280,0.4,0.8571955719557196,1.0,0.903563418888612,0.9231074905622889,svc
281,0.4,0.9991289198606271,0.9875161429186397,0.9922751059058061,0.9932885906040267,dt
282,0.4,1.0,1.0,1.0,1.0,rf
283,0.4,0.9995693367786391,0.9991390443392165,0.9992524296037877,0.9993541442411196,gb
284,0.4,0.906832298136646,0.6284976323719328,0.74757039621231,0.7424357996440376,gnb
285,0.4,0.7601947656725502,0.5376668101592768,0.6341888861201096,0.6298537569339384,bnb
286,0.4,0.8820732287208749,0.7985363753766681,0.8215798654373286,0.8382286488929055,mnb
287,0.4,0.8314244810307803,1.0,0.8826314477946673,0.907953879226109,lstm
288,0.4,0.5788686768003987,1.0,0.5788686768003987,0.733270202020202,cnn
289,0.2,0.9965811965811966,0.9931856899488927,0.9940209267563528,0.9948805460750852,knn
290,0.2,0.6852286049237983,0.995741056218058,0.7299451918285998,0.8118055555555556,lr
291,0.2,0.876120619396903,0.9156729131175468,0.8749377179870453,0.8954602249062891,lsvc
292,0.2,0.8664206642066421,1.0,0.9098156452416543,0.9284302095689996,svc
293,0.2,0.9982788296041308,0.9880749574105622,0.9920279023418037,0.9931506849315068,dt
294,0.2,1.0,1.0,1.0,1.0,rf
295,0.2,1.0,0.9991482112436116,0.9995017438963627,0.9995739241585002,gb
296,0.2,0.9002493765586035,0.6149914821124361,0.7349277528649726,0.7307692307692308,gnb
297,0.2,0.7758830694275274,0.5425894378194208,0.6407573492775287,0.63859649122807,bnb
298,0.2,0.8954937679769894,0.7955706984667802,0.8261086198305929,0.8425800631483986,mnb
299,0.2,0.875,0.9003407155025553,0.8664673642252118,0.8874895046179682,lstm
300,0.2,0.5849526656701545,1.0,0.5849526656701545,0.7381326626846904,cnn
301,0.3,0.9925501432664756,0.9931192660550459,0.9916943521594684,0.9928346231011752,knn
302,0.3,0.676171875,0.992545871559633,0.720265780730897,0.8043680297397768,lr
303,0.3,0.8614130434782609,0.9088302752293578,0.8624584717607974,0.8844866071428571,lsvc
304,0.3,0.8633663366336634,1.0,0.9083056478405316,0.9266737513283742,svc
305,0.3,0.998840579710145,0.9879587155963303,0.992358803986711,0.9933698472182185,dt
306,0.3,1.0,0.9994266055045872,0.9996677740863787,0.9997132205334098,rf
307,0.3,1.0,0.9988532110091743,0.9993355481727575,0.9994262765347103,gb
308,0.3,0.9066115702479339,0.6290137614678899,0.7475083056478405,0.7427217332430603,gnb
309,0.3,0.7599351175993512,0.5372706422018348,0.6335548172757475,0.6294927779643937,bnb
310,0.3,0.8908268733850129,0.7907110091743119,0.8225913621262458,0.8377885783718104,mnb
311,0.3,0.840887174541948,1.0,0.8903654485049833,0.9135673127291776,lstm
312,0.3,0.5794019933554817,1.0,0.5794019933554817,0.7336979385780396,cnn
313,0.4,0.9944037882049075,0.9944037882049075,0.99352105656616,0.9944037882049075,knn
314,0.4,0.676159718144451,0.9913904433921653,0.7201594816845253,0.8039797521382439,lr
315,0.4,0.9095048377916903,0.6879035729659922,0.7797159232494393,0.7833333333333332,lsvc
316,0.4,0.8571955719557196,1.0,0.903563418888612,0.9231074905622889,svc
317,0.4,0.9991289198606271,0.9875161429186397,0.9922751059058061,0.9932885906040267,dt
318,0.4,1.0,1.0,1.0,1.0,rf
319,0.4,0.9995693367786391,0.9991390443392165,0.9992524296037877,0.9993541442411196,gb
320,0.4,0.906832298136646,0.6284976323719328,0.74757039621231,0.7424357996440376,gnb
321,0.4,0.7601947656725502,0.5376668101592768,0.6341888861201096,0.6298537569339384,bnb
322,0.4,0.8820732287208749,0.7985363753766681,0.8215798654373286,0.8382286488929055,mnb
323,0.4,0.8650892486508925,0.8971157985363754,0.8594567655120857,0.8808114961961115,lstm
324,0.4,0.5788686768003987,1.0,0.5788686768003987,0.733270202020202,cnn
325,0.2,0.9965811965811966,0.9931856899488927,0.9940209267563528,0.9948805460750852,knn
326,0.2,0.6852286049237983,0.995741056218058,0.7299451918285998,0.8118055555555556,lr
327,0.2,0.876120619396903,0.9156729131175468,0.8749377179870453,0.8954602249062891,lsvc
328,0.2,0.8664206642066421,1.0,0.9098156452416543,0.9284302095689996,svc
329,0.2,0.9982788296041308,0.9880749574105622,0.9920279023418037,0.9931506849315068,dt
330,0.2,1.0,1.0,1.0,1.0,rf
331,0.2,1.0,0.9991482112436116,0.9995017438963627,0.9995739241585002,gb
332,0.2,0.9002493765586035,0.6149914821124361,0.7349277528649726,0.7307692307692308,gnb
333,0.2,0.7758830694275274,0.5425894378194208,0.6407573492775287,0.63859649122807,bnb
334,0.2,0.8954937679769894,0.7955706984667802,0.8261086198305929,0.8425800631483986,mnb
335,0.2,0.8590308370044053,0.9965928449744463,0.9023418036870952,0.9227129337539433,lstm
336,0.2,0.5849526656701545,1.0,0.5849526656701545,0.7381326626846904,cnn
337,0.3,0.9925501432664756,0.9931192660550459,0.9916943521594684,0.9928346231011752,knn
338,0.3,0.676171875,0.992545871559633,0.720265780730897,0.8043680297397768,lr
339,0.3,0.8781163434903048,0.9088302752293578,0.8740863787375416,0.8932093547478163,lsvc
340,0.3,0.8633663366336634,1.0,0.9083056478405316,0.9266737513283742,svc
341,0.3,0.998840579710145,0.9879587155963303,0.992358803986711,0.9933698472182185,dt
342,0.3,1.0,0.9994266055045872,0.9996677740863787,0.9997132205334098,rf
343,0.3,1.0,0.9988532110091743,0.9993355481727575,0.9994262765347103,gb
344,0.3,0.9066115702479339,0.6290137614678899,0.7475083056478405,0.7427217332430603,gnb
345,0.3,0.7599351175993512,0.5372706422018348,0.6335548172757475,0.6294927779643937,bnb
346,0.3,0.8908268733850129,0.7907110091743119,0.8225913621262458,0.8377885783718104,mnb
347,0.3,0.8560830860534124,0.992545871559633,0.8990033222591363,0.9192777482740307,lstm
348,0.3,0.5794019933554817,1.0,0.5794019933554817,0.7336979385780396,cnn
349,0.4,0.9944037882049075,0.9944037882049075,0.99352105656616,0.9944037882049075,knn
350,0.4,0.676159718144451,0.9913904433921653,0.7201594816845253,0.8039797521382439,lr
351,0.4,0.8613020622725435,0.9169177787343952,0.8664340892100673,0.8882402001668056,lsvc
352,0.4,0.8571955719557196,1.0,0.903563418888612,0.9231074905622889,svc
353,0.4,0.9991289198606271,0.9875161429186397,0.9922751059058061,0.9932885906040267,dt
354,0.4,1.0,1.0,1.0,1.0,rf
355,0.4,0.9995693367786391,0.9991390443392165,0.9992524296037877,0.9993541442411196,gb
356,0.4,0.906832298136646,0.6284976323719328,0.74757039621231,0.7424357996440376,gnb
357,0.4,0.7601947656725502,0.5376668101592768,0.6341888861201096,0.6298537569339384,bnb
358,0.4,0.8820732287208749,0.7985363753766681,0.8215798654373286,0.8382286488929055,mnb
359,0.4,0.8548931383577053,0.9814894532931554,0.8928482432095689,0.9138276553106213,lstm
360,0.4,0.5788686768003987,1.0,0.5788686768003987,0.733270202020202,cnn
361,0.2,0.9965811965811966,0.9931856899488927,0.9940209267563528,0.9948805460750852,knn
362,0.2,0.6852286049237983,0.995741056218058,0.7299451918285998,0.8118055555555556,lr
363,0.2,0.8811475409836066,0.9156729131175468,0.8784255107125062,0.898078529657477,lsvc
364,0.2,0.8664206642066421,1.0,0.9098156452416543,0.9284302095689996,svc
365,0.2,0.9982788296041308,0.9880749574105622,0.9920279023418037,0.9931506849315068,dt
366,0.2,1.0,1.0,1.0,1.0,rf
367,0.2,1.0,0.9991482112436116,0.9995017438963627,0.9995739241585002,gb
368,0.2,0.9002493765586035,0.6149914821124361,0.7349277528649726,0.7307692307692308,gnb
369,0.2,0.7758830694275274,0.5425894378194208,0.6407573492775287,0.63859649122807,bnb
370,0.2,0.8954937679769894,0.7955706984667802,0.8261086198305929,0.8425800631483986,mnb
371,0.2,0.8409742120343839,1.0,0.8893871449925261,0.9136186770428015,lstm
372,0.2,0.5849526656701545,1.0,0.5849526656701545,0.7381326626846904,cnn
373,0.3,0.9925501432664756,0.9931192660550459,0.9916943521594684,0.9928346231011752,knn
374,0.3,0.676171875,0.992545871559633,0.720265780730897,0.8043680297397768,lr
375,0.3,1.0,0.43520642201834864,0.6727574750830565,0.606472233320016,lsvc
376,0.3,0.8633663366336634,1.0,0.9083056478405316,0.9266737513283742,svc
377,0.3,0.998840579710145,0.9879587155963303,0.992358803986711,0.9933698472182185,dt
378,0.3,1.0,0.9994266055045872,0.9996677740863787,0.9997132205334098,rf
379,0.3,1.0,0.9988532110091743,0.9993355481727575,0.9994262765347103,gb
380,0.3,0.9066115702479339,0.6290137614678899,0.7475083056478405,0.7427217332430603,gnb
381,0.3,0.7599351175993512,0.5372706422018348,0.6335548172757475,0.6294927779643937,bnb
382,0.3,0.8908268733850129,0.7907110091743119,0.8225913621262458,0.8377885783718104,mnb
383,0.3,0.8529990167158309,0.9948394495412844,0.8976744186046511,0.9184753838009528,lstm
384,0.3,0.5794019933554817,1.0,0.5794019933554817,0.7336979385780396,cnn
385,0.4,0.9944037882049075,0.9944037882049075,0.99352105656616,0.9944037882049075,knn
386,0.4,0.676159718144451,0.9913904433921653,0.7201594816845253,0.8039797521382439,lr
387,0.4,0.9517884914463453,0.5269048643994835,0.7106902566658361,0.6783042394014963,lsvc
388,0.4,0.8571955719557196,1.0,0.903563418888612,0.9231074905622889,svc
389,0.4,0.9991289198606271,0.9875161429186397,0.9922751059058061,0.9932885906040267,dt
390,0.4,1.0,1.0,1.0,1.0,rf
391,0.4,0.9995693367786391,0.9991390443392165,0.9992524296037877,0.9993541442411196,gb
392,0.4,0.906832298136646,0.6284976323719328,0.74757039621231,0.7424357996440376,gnb
393,0.4,0.7601947656725502,0.5376668101592768,0.6341888861201096,0.6298537569339384,bnb
394,0.4,0.8820732287208749,0.7985363753766681,0.8215798654373286,0.8382286488929055,mnb
395,0.4,0.8475632099670208,0.9956952216960826,0.893845003737852,0.9156769596199524,lstm
396,0.4,0.5788686768003987,1.0,0.5788686768003987,0.733270202020202,cnn
397,0.2,0.9965811965811966,0.9931856899488927,0.9940209267563528,0.9948805460750852,knn
398,0.2,0.6852286049237983,0.995741056218058,0.7299451918285998,0.8118055555555556,lr
399,0.2,0.8711507293354943,0.9156729131175468,0.8714499252615845,0.8928571428571429,lsvc
400,0.2,0.8664206642066421,1.0,0.9098156452416543,0.9284302095689996,svc
401,0.2,0.9982788296041308,0.9880749574105622,0.9920279023418037,0.9931506849315068,dt
402,0.2,1.0,1.0,1.0,1.0,rf
403,0.2,1.0,0.9991482112436116,0.9995017438963627,0.9995739241585002,gb
404,0.2,0.9002493765586035,0.6149914821124361,0.7349277528649726,0.7307692307692308,gnb
405,0.2,0.7758830694275274,0.5425894378194208,0.6407573492775287,0.63859649122807,bnb
406,0.2,0.8954937679769894,0.7955706984667802,0.8261086198305929,0.8425800631483986,mnb
407,0.2,0.8427853553481695,1.0,0.890881913303438,0.9146864043630698,lstm
408,0.2,0.5849526656701545,1.0,0.5849526656701545,0.7381326626846904,cnn
409,0.3,0.9925501432664756,0.9931192660550459,0.9916943521594684,0.9928346231011752,knn
410,0.3,0.676171875,0.992545871559633,0.720265780730897,0.8043680297397768,lr
411,0.3,0.9221374045801527,0.6926605504587156,0.7880398671096346,0.7910936476751801,lsvc
412,0.3,0.8633663366336634,1.0,0.9083056478405316,0.9266737513283742,svc
413,0.3,0.998840579710145,0.9879587155963303,0.992358803986711,0.9933698472182185,dt
414,0.3,1.0,0.9994266055045872,0.9996677740863787,0.9997132205334098,rf
415,0.3,1.0,0.9988532110091743,0.9993355481727575,0.9994262765347103,gb
416,0.3,0.9066115702479339,0.6290137614678899,0.7475083056478405,0.7427217332430603,gnb
417,0.3,0.7599351175993512,0.5372706422018348,0.6335548172757475,0.6294927779643937,bnb
418,0.3,0.8908268733850129,0.7907110091743119,0.8225913621262458,0.8377885783718104,mnb
419,0.3,0.8494885533365806,1.0,0.8973421926910299,0.9186199631287859,lstm
420,0.3,0.5794019933554817,1.0,0.5794019933554817,0.7336979385780396,cnn
421,0.4,0.9944037882049075,0.9944037882049075,0.99352105656616,0.9944037882049075,knn
422,0.4,0.676159718144451,0.9913904433921653,0.7201594816845253,0.8039797521382439,lr
423,0.4,0.8751027115858668,0.9169177787343952,0.8761525043608274,0.8955223880597014,lsvc
424,0.4,0.8571955719557196,1.0,0.903563418888612,0.9231074905622889,svc
425,0.4,0.9991289198606271,0.9875161429186397,0.9922751059058061,0.9932885906040267,dt
426,0.4,1.0,1.0,1.0,1.0,rf
427,0.4,0.9995693367786391,0.9991390443392165,0.9992524296037877,0.9993541442411196,gb
428,0.4,0.906832298136646,0.6284976323719328,0.74757039621231,0.7424357996440376,gnb
429,0.4,0.7601947656725502,0.5376668101592768,0.6341888861201096,0.6298537569339384,bnb
430,0.4,0.8820732287208749,0.7985363753766681,0.8215798654373286,0.8382286488929055,mnb
431,0.4,0.8540419161676647,0.9823504089539389,0.8925990530774981,0.9137137137137138,lstm
432,0.4,0.5788686768003987,1.0,0.5788686768003987,0.733270202020202,cnn
433,0.2,0.9965811965811966,0.9931856899488927,0.9940209267563528,0.9948805460750852,knn
434,0.2,0.6852286049237983,0.995741056218058,0.7299451918285998,0.8118055555555556,lr
435,0.2,0.9352941176470588,0.6771720613287905,0.783756851021425,0.7855731225296443,lsvc
436,0.2,0.8664206642066421,1.0,0.9098156452416543,0.9284302095689996,svc
437,0.2,0.9982788296041308,0.9880749574105622,0.9920279023418037,0.9931506849315068,dt
438,0.2,1.0,1.0,1.0,1.0,rf
439,0.2,1.0,0.9991482112436116,0.9995017438963627,0.9995739241585002,gb
440,0.2,0.9002493765586035,0.6149914821124361,0.7349277528649726,0.7307692307692308,gnb
441,0.2,0.7758830694275274,0.5425894378194208,0.6407573492775287,0.63859649122807,bnb
442,0.2,0.8954937679769894,0.7955706984667802,0.8261086198305929,0.8425800631483986,mnb
443,0.2,0.862094395280236,0.995741056218058,0.9043348281016442,0.924110671936759,lstm
444,0.2,0.5849526656701545,1.0,0.5849526656701545,0.7381326626846904,cnn
445,0.3,0.9925501432664756,0.9931192660550459,0.9916943521594684,0.9928346231011752,knn
446,0.3,0.676171875,0.992545871559633,0.720265780730897,0.8043680297397768,lr
447,0.3,0.8727973568281938,0.9088302752293578,0.8704318936877077,0.8904494382022472,lsvc
448,0.3,0.8633663366336634,1.0,0.9083056478405316,0.9266737513283742,svc
449,0.3,0.998840579710145,0.9879587155963303,0.992358803986711,0.9933698472182185,dt
450,0.3,1.0,0.9994266055045872,0.9996677740863787,0.9997132205334098,rf
451,0.3,1.0,0.9988532110091743,0.9993355481727575,0.9994262765347103,gb
452,0.3,0.9066115702479339,0.6290137614678899,0.7475083056478405,0.7427217332430603,gnb
453,0.3,0.7599351175993512,0.5372706422018348,0.6335548172757475,0.6294927779643937,bnb
454,0.3,0.8908268733850129,0.7907110091743119,0.8225913621262458,0.8377885783718104,mnb
455,0.3,0.8529411764705882,0.9977064220183486,0.8990033222591363,0.919661733615222,lstm
456,0.3,0.5794019933554817,1.0,0.5794019933554817,0.7336979385780396,cnn
457,0.4,0.9944037882049075,0.9944037882049075,0.99352105656616,0.9944037882049075,knn
458,0.4,0.676159718144451,0.9913904433921653,0.7201594816845253,0.8039797521382439,lr
459,0.4,0.8571428571428571,0.9169177787343952,0.863443807625218,0.8860232945091514,lsvc
460,0.4,0.8571955719557196,1.0,0.903563418888612,0.9231074905622889,svc
461,0.4,0.9991289198606271,0.9875161429186397,0.9922751059058061,0.9932885906040267,dt
462,0.4,1.0,1.0,1.0,1.0,rf
463,0.4,0.9995693367786391,0.9991390443392165,0.9992524296037877,0.9993541442411196,gb
464,0.4,0.906832298136646,0.6284976323719328,0.74757039621231,0.7424357996440376,gnb
465,0.4,0.7601947656725502,0.5376668101592768,0.6341888861201096,0.6298537569339384,bnb
466,0.4,0.8820732287208749,0.7985363753766681,0.8215798654373286,0.8382286488929055,mnb
467,0.4,0.8540419161676647,0.9823504089539389,0.8925990530774981,0.9137137137137138,lstm
468,0.4,0.5788686768003987,1.0,0.5788686768003987,0.733270202020202,cnn
469,0.2,0.9965811965811966,0.9931856899488927,0.9940209267563528,0.9948805460750852,knn
470,0.2,0.6852286049237983,0.995741056218058,0.7299451918285998,0.8118055555555556,lr
471,0.2,0.8782679738562091,0.9156729131175468,0.8764324862979571,0.896580483736447,lsvc
472,0.2,0.8664206642066421,1.0,0.9098156452416543,0.9284302095689996,svc
473,0.2,0.9982788296041308,0.9880749574105622,0.9920279023418037,0.9931506849315068,dt
474,0.2,1.0,1.0,1.0,1.0,rf
475,0.2,1.0,0.9991482112436116,0.9995017438963627,0.9995739241585002,gb
476,0.2,0.9002493765586035,0.6149914821124361,0.7349277528649726,0.7307692307692308,gnb
477,0.2,0.7758830694275274,0.5425894378194208,0.6407573492775287,0.63859649122807,bnb
478,0.2,0.8954937679769894,0.7955706984667802,0.8261086198305929,0.8425800631483986,mnb
479,0.2,0.8550619082301529,1.0,0.9008470353761834,0.9218688653317628,lstm
480,0.2,0.5849526656701545,1.0,0.5849526656701545,0.7381326626846904,cnn
481,0.3,0.9925501432664756,0.9931192660550459,0.9916943521594684,0.9928346231011752,knn
482,0.3,0.676171875,0.992545871559633,0.720265780730897,0.8043680297397768,lr
483,0.3,0.9292307692307692,0.6926605504587156,0.7913621262458472,0.7936925098554533,lsvc
484,0.3,0.8633663366336634,1.0,0.9083056478405316,0.9266737513283742,svc
485,0.3,0.998840579710145,0.9879587155963303,0.992358803986711,0.9933698472182185,dt
486,0.3,1.0,0.9994266055045872,0.9996677740863787,0.9997132205334098,rf
487,0.3,1.0,0.9988532110091743,0.9993355481727575,0.9994262765347103,gb
488,0.3,0.9066115702479339,0.6290137614678899,0.7475083056478405,0.7427217332430603,gnb
489,0.3,0.7599351175993512,0.5372706422018348,0.6335548172757475,0.6294927779643937,bnb
490,0.3,0.8908268733850129,0.7907110091743119,0.8225913621262458,0.8377885783718104,mnb
491,0.3,0.8529411764705882,0.9977064220183486,0.8990033222591363,0.919661733615222,lstm
492,0.3,0.5794019933554817,1.0,0.5794019933554817,0.7336979385780396,cnn
493,0.4,0.9944037882049075,0.9944037882049075,0.99352105656616,0.9944037882049075,knn
494,0.4,0.676159718144451,0.9913904433921653,0.7201594816845253,0.8039797521382439,lr
495,0.4,0.920824295010846,0.7309513560051657,0.8078744081734364,0.8149748020158387,lsvc
496,0.4,0.8571955719557196,1.0,0.903563418888612,0.9231074905622889,svc
497,0.4,0.9991289198606271,0.9875161429186397,0.9922751059058061,0.9932885906040267,dt
498,0.4,1.0,1.0,1.0,1.0,rf
499,0.4,0.9995693367786391,0.9991390443392165,0.9992524296037877,0.9993541442411196,gb
500,0.4,0.906832298136646,0.6284976323719328,0.74757039621231,0.7424357996440376,gnb
501,0.4,0.7601947656725502,0.5376668101592768,0.6341888861201096,0.6298537569339384,bnb
502,0.4,0.8820732287208749,0.7985363753766681,0.8215798654373286,0.8382286488929055,mnb
503,0.4,0.8547842401500938,0.9806284976323719,0.8923498629454274,0.913392141138733,lstm
504,0.4,0.5788686768003987,1.0,0.5788686768003987,0.733270202020202,cnn
505,0.2,0.9965811965811966,0.9931856899488927,0.9940209267563528,0.9948805460750852,knn
506,0.2,0.6852286049237983,0.995741056218058,0.7299451918285998,0.8118055555555556,lr
507,0.2,0.7085093542546771,1.0,0.7593423019431988,0.829388908512893,lsvc
508,0.2,0.8664206642066421,1.0,0.9098156452416543,0.9284302095689996,svc
509,0.2,0.9982788296041308,0.9880749574105622,0.9920279023418037,0.9931506849315068,dt
510,0.2,1.0,1.0,1.0,1.0,rf
511,0.2,1.0,0.9991482112436116,0.9995017438963627,0.9995739241585002,gb
512,0.2,0.9002493765586035,0.6149914821124361,0.7349277528649726,0.7307692307692308,gnb
513,0.2,0.7758830694275274,0.5425894378194208,0.6407573492775287,0.63859649122807,bnb
514,0.2,0.8954937679769894,0.7955706984667802,0.8261086198305929,0.8425800631483986,mnb
515,0.2,0.8574561403508771,0.9991482112436116,0.9023418036870952,0.922895357985838,lstm
516,0.2,0.5849526656701545,1.0,0.5849526656701545,0.7381326626846904,cnn
517,0.3,0.9925501432664756,0.9931192660550459,0.9916943521594684,0.9928346231011752,knn
518,0.3,0.676171875,0.992545871559633,0.720265780730897,0.8043680297397768,lr
519,0.3,0.9180440771349863,0.7643348623853211,0.8239202657807309,0.8341677096370463,lsvc
520,0.3,0.8633663366336634,1.0,0.9083056478405316,0.9266737513283742,svc
521,0.3,0.998840579710145,0.9879587155963303,0.992358803986711,0.9933698472182185,dt
522,0.3,1.0,0.9994266055045872,0.9996677740863787,0.9997132205334098,rf
523,0.3,1.0,0.9988532110091743,0.9993355481727575,0.9994262765347103,gb
524,0.3,0.9066115702479339,0.6290137614678899,0.7475083056478405,0.7427217332430603,gnb
525,0.3,0.7599351175993512,0.5372706422018348,0.6335548172757475,0.6294927779643937,bnb
526,0.3,0.8908268733850129,0.7907110091743119,0.8225913621262458,0.8377885783718104,mnb
527,0.3,0.8516886930983847,0.9977064220183486,0.8980066445182724,0.9189331925006601,lstm
528,0.3,0.5794019933554817,1.0,0.5794019933554817,0.7336979385780396,cnn
529,0.4,0.9944037882049075,0.9944037882049075,0.99352105656616,0.9944037882049075,knn
530,0.4,0.676159718144451,0.9913904433921653,0.7201594816845253,0.8039797521382439,lr
531,0.4,0.8613020622725435,0.9169177787343952,0.8664340892100673,0.8882402001668056,lsvc
532,0.4,0.8571955719557196,1.0,0.903563418888612,0.9231074905622889,svc
533,0.4,0.9991289198606271,0.9875161429186397,0.9922751059058061,0.9932885906040267,dt
534,0.4,1.0,1.0,1.0,1.0,rf
535,0.4,0.9995693367786391,0.9991390443392165,0.9992524296037877,0.9993541442411196,gb
536,0.4,0.906832298136646,0.6284976323719328,0.74757039621231,0.7424357996440376,gnb
537,0.4,0.7601947656725502,0.5376668101592768,0.6341888861201096,0.6298537569339384,bnb
538,0.4,0.8820732287208749,0.7985363753766681,0.8215798654373286,0.8382286488929055,mnb
539,0.4,0.8540419161676647,0.9823504089539389,0.8925990530774981,0.9137137137137138,lstm
540,0.4,0.5788686768003987,1.0,0.5788686768003987,0.733270202020202,cnn
541,0.2,0.9965811965811966,0.9931856899488927,0.9940209267563528,0.9948805460750852,knn
542,0.2,0.6852286049237983,0.995741056218058,0.7299451918285998,0.8118055555555556,lr
543,0.2,1.0,0.4335604770017036,0.6686596910812157,0.6048722519310754,lsvc
544,0.2,0.8664206642066421,1.0,0.9098156452416543,0.9284302095689996,svc
545,0.2,0.9982788296041308,0.9880749574105622,0.9920279023418037,0.9931506849315068,dt
546,0.2,1.0,1.0,1.0,1.0,rf
547,0.2,1.0,0.9991482112436116,0.9995017438963627,0.9995739241585002,gb
548,0.2,0.9002493765586035,0.6149914821124361,0.7349277528649726,0.7307692307692308,gnb
549,0.2,0.7758830694275274,0.5425894378194208,0.6407573492775287,0.63859649122807,bnb
550,0.2,0.8954937679769894,0.7955706984667802,0.8261086198305929,0.8425800631483986,mnb
551,0.2,0.8608247422680413,0.995741056218058,0.9033383158943697,0.9233807266982623,lstm
552,0.2,0.5849526656701545,1.0,0.5849526656701545,0.7381326626846904,cnn
553,0.3,0.9925501432664756,0.9931192660550459,0.9916943521594684,0.9928346231011752,knn
554,0.3,0.676171875,0.992545871559633,0.720265780730897,0.8043680297397768,lr
555,0.3,0.8727973568281938,0.9088302752293578,0.8704318936877077,0.8904494382022472,lsvc
556,0.3,0.8633663366336634,1.0,0.9083056478405316,0.9266737513283742,svc
557,0.3,0.998840579710145,0.9879587155963303,0.992358803986711,0.9933698472182185,dt
558,0.3,1.0,0.9994266055045872,0.9996677740863787,0.9997132205334098,rf
559,0.3,1.0,0.9988532110091743,0.9993355481727575,0.9994262765347103,gb
560,0.3,0.9066115702479339,0.6290137614678899,0.7475083056478405,0.7427217332430603,gnb
561,0.3,0.7599351175993512,0.5372706422018348,0.6335548172757475,0.6294927779643937,bnb
562,0.3,0.8908268733850129,0.7907110091743119,0.8225913621262458,0.8377885783718104,mnb
563,0.3,0.8529990167158309,0.9948394495412844,0.8976744186046511,0.9184753838009528,lstm
564,0.3,0.5794019933554817,1.0,0.5794019933554817,0.7336979385780396,cnn
565,0.4,0.9944037882049075,0.9944037882049075,0.99352105656616,0.9944037882049075,knn
566,0.4,0.676159718144451,0.9913904433921653,0.7201594816845253,0.8039797521382439,lr
567,0.4,0.8630470016207455,0.9169177787343952,0.8676800398704211,0.8891671884783972,lsvc
568,0.4,0.8571955719557196,1.0,0.903563418888612,0.9231074905622889,svc
569,0.4,0.9991289198606271,0.9875161429186397,0.9922751059058061,0.9932885906040267,dt
570,0.4,1.0,1.0,1.0,1.0,rf
571,0.4,0.9995693367786391,0.9991390443392165,0.9992524296037877,0.9993541442411196,gb
572,0.4,0.906832298136646,0.6284976323719328,0.74757039621231,0.7424357996440376,gnb
573,0.4,0.7601947656725502,0.5376668101592768,0.6341888861201096,0.6298537569339384,bnb
574,0.4,0.8820732287208749,0.7985363753766681,0.8215798654373286,0.8382286488929055,mnb
575,0.4,0.851221317542561,0.9900990099009901,0.8940941938699227,0.9154228855721394,lstm
576,0.4,0.5788686768003987,1.0,0.5788686768003987,0.733270202020202,cnn
577,0.2,0.9965811965811966,0.9931856899488927,0.9940209267563528,0.9948805460750852,knn
578,0.2,0.6852286049237983,0.995741056218058,0.7299451918285998,0.8118055555555556,lr
579,0.2,0.886232481450948,0.9156729131175468,0.8819133034379671,0.9007121910347716,lsvc
580,0.2,0.8664206642066421,1.0,0.9098156452416543,0.9284302095689996,svc
581,0.2,0.9982788296041308,0.9880749574105622,0.9920279023418037,0.9931506849315068,dt
582,0.2,1.0,1.0,1.0,1.0,rf
583,0.2,1.0,0.9991482112436116,0.9995017438963627,0.9995739241585002,gb
584,0.2,0.9002493765586035,0.6149914821124361,0.7349277528649726,0.7307692307692308,gnb
585,0.2,0.7758830694275274,0.5425894378194208,0.6407573492775287,0.63859649122807,bnb
586,0.2,0.8954937679769894,0.7955706984667802,0.8261086198305929,0.8425800631483986,mnb
587,0.2,0.8556851311953353,1.0,0.9013452914798207,0.9222309505106049,lstm
588,0.2,0.5849526656701545,1.0,0.5849526656701545,0.7381326626846904,cnn
589,0.3,0.9925501432664756,0.9931192660550459,0.9916943521594684,0.9928346231011752,knn
590,0.3,0.676171875,0.992545871559633,0.720265780730897,0.8043680297397768,lr
591,0.3,0.8699231613611416,0.9088302752293578,0.86843853820598,0.8889512058328659,lsvc
592,0.3,0.8633663366336634,1.0,0.9083056478405316,0.9266737513283742,svc
593,0.3,0.998840579710145,0.9879587155963303,0.992358803986711,0.9933698472182185,dt
594,0.3,1.0,0.9994266055045872,0.9996677740863787,0.9997132205334098,rf
595,0.3,1.0,0.9988532110091743,0.9993355481727575,0.9994262765347103,gb
596,0.3,0.9066115702479339,0.6290137614678899,0.7475083056478405,0.7427217332430603,gnb
597,0.3,0.7599351175993512,0.5372706422018348,0.6335548172757475,0.6294927779643937,bnb
598,0.3,0.8908268733850129,0.7907110091743119,0.8225913621262458,0.8377885783718104,mnb
599,0.3,0.8364508393285371,1.0,0.8867109634551495,0.9109428049098982,lstm
600,0.3,0.5794019933554817,1.0,0.5794019933554817,0.7336979385780396,cnn
601,0.4,0.9944037882049075,0.9944037882049075,0.99352105656616,0.9944037882049075,knn
602,0.4,0.676159718144451,0.9913904433921653,0.7201594816845253,0.8039797521382439,lr
603,0.4,0.9116135662898253,0.7636676711149376,0.8203339147769748,0.8311079878191614,lsvc
604,0.4,0.8571955719557196,1.0,0.903563418888612,0.9231074905622889,svc
605,0.4,0.9991289198606271,0.9875161429186397,0.9922751059058061,0.9932885906040267,dt
606,0.4,1.0,1.0,1.0,1.0,rf
607,0.4,0.9995693367786391,0.9991390443392165,0.9992524296037877,0.9993541442411196,gb
608,0.4,0.906832298136646,0.6284976323719328,0.74757039621231,0.7424357996440376,gnb
609,0.4,0.7601947656725502,0.5376668101592768,0.6341888861201096,0.6298537569339384,bnb
610,0.4,0.8820732287208749,0.7985363753766681,0.8215798654373286,0.8382286488929055,mnb
611,0.4,0.8459577567370721,1.0,0.8945925741340643,0.9165515880844348,lstm
612,0.4,0.5788686768003987,1.0,0.5788686768003987,0.733270202020202,cnn
613,0.2,0.9965811965811966,0.9931856899488927,0.9940209267563528,0.9948805460750852,knn
614,0.2,0.6852286049237983,0.995741056218058,0.7299451918285998,0.8118055555555556,lr
615,0.2,0.8427853553481695,1.0,0.890881913303438,0.9146864043630698,lsvc
616,0.2,0.8664206642066421,1.0,0.9098156452416543,0.9284302095689996,svc
617,0.2,0.9982788296041308,0.9880749574105622,0.9920279023418037,0.9931506849315068,dt
618,0.2,1.0,1.0,1.0,1.0,rf
619,0.2,1.0,0.9991482112436116,0.9995017438963627,0.9995739241585002,gb
620,0.2,0.9002493765586035,0.6149914821124361,0.7349277528649726,0.7307692307692308,gnb
621,0.2,0.7758830694275274,0.5425894378194208,0.6407573492775287,0.63859649122807,bnb
622,0.2,0.8954937679769894,0.7955706984667802,0.8261086198305929,0.8425800631483986,mnb
623,0.2,0.8590308370044053,0.9965928449744463,0.9023418036870952,0.9227129337539433,lstm
624,0.2,0.5849526656701545,1.0,0.5849526656701545,0.7381326626846904,cnn
625,0.3,0.9925501432664756,0.9931192660550459,0.9916943521594684,0.9928346231011752,knn
626,0.3,0.676171875,0.992545871559633,0.720265780730897,0.8043680297397768,lr
627,0.3,0.8737596471885336,0.9088302752293578,0.8710963455149502,0.8909499718943227,lsvc
628,0.3,0.8633663366336634,1.0,0.9083056478405316,0.9266737513283742,svc
629,0.3,0.998840579710145,0.9879587155963303,0.992358803986711,0.9933698472182185,dt
630,0.3,1.0,0.9994266055045872,0.9996677740863787,0.9997132205334098,rf
631,0.3,1.0,0.9988532110091743,0.9993355481727575,0.9994262765347103,gb
632,0.3,0.9066115702479339,0.6290137614678899,0.7475083056478405,0.7427217332430603,gnb
633,0.3,0.7599351175993512,0.5372706422018348,0.6335548172757475,0.6294927779643937,bnb
634,0.3,0.8908268733850129,0.7907110091743119,0.8225913621262458,0.8377885783718104,mnb
635,0.3,0.8519785051294577,1.0,0.8993355481727575,0.9200738591400686,lstm
636,0.3,0.5794019933554817,1.0,0.5794019933554817,0.7336979385780396,cnn
637,0.4,0.9944037882049075,0.9944037882049075,0.99352105656616,0.9944037882049075,knn
638,0.4,0.676159718144451,0.9913904433921653,0.7201594816845253,0.8039797521382439,lr
639,0.4,0.923699421965318,0.6879035729659922,0.7864440568153501,0.7885516901060943,lsvc
640,0.4,0.8571955719557196,1.0,0.903563418888612,0.9231074905622889,svc
641,0.4,0.9991289198606271,0.9875161429186397,0.9922751059058061,0.9932885906040267,dt
642,0.4,1.0,1.0,1.0,1.0,rf
643,0.4,0.9995693367786391,0.9991390443392165,0.9992524296037877,0.9993541442411196,gb
644,0.4,0.906832298136646,0.6284976323719328,0.74757039621231,0.7424357996440376,gnb
645,0.4,0.7601947656725502,0.5376668101592768,0.6341888861201096,0.6298537569339384,bnb
646,0.4,0.8820732287208749,0.7985363753766681,0.8215798654373286,0.8382286488929055,mnb
647,0.4,0.8465743440233237,1.0,0.8950909543982059,0.9169133609630946,lstm
648,0.4,0.5788686768003987,1.0,0.5788686768003987,0.733270202020202,cnn
649,0.2,0.9965811965811966,0.9931856899488927,0.9940209267563528,0.9948805460750852,knn
650,0.2,0.6852286049237983,0.995741056218058,0.7299451918285998,0.8118055555555556,lr
651,0.2,0.9270152505446623,0.7248722316865417,0.8056801195814649,0.8135755258126195,lsvc
652,0.2,0.8664206642066421,1.0,0.9098156452416543,0.9284302095689996,svc
653,0.2,0.9982788296041308,0.9880749574105622,0.9920279023418037,0.9931506849315068,dt
654,0.2,1.0,1.0,1.0,1.0,rf
655,0.2,1.0,0.9991482112436116,0.9995017438963627,0.9995739241585002,gb
656,0.2,0.9002493765586035,0.6149914821124361,0.7349277528649726,0.7307692307692308,gnb
657,0.2,0.7758830694275274,0.5425894378194208,0.6407573492775287,0.63859649122807,bnb
658,0.2,0.8954937679769894,0.7955706984667802,0.8261086198305929,0.8425800631483986,mnb
659,0.2,0.8562043795620438,0.9991482112436116,0.9013452914798207,0.9221698113207547,lstm
660,0.2,0.5849526656701545,1.0,0.5849526656701545,0.7381326626846904,cnn
661,0.3,0.9925501432664756,0.9931192660550459,0.9916943521594684,0.9928346231011752,knn
662,0.3,0.676171875,0.992545871559633,0.720265780730897,0.8043680297397768,lr
663,0.3,0.8618814573137574,0.9088302752293578,0.8627906976744186,0.8847334635780072,lsvc
664,0.3,0.8633663366336634,1.0,0.9083056478405316,0.9266737513283742,svc
665,0.3,0.998840579710145,0.9879587155963303,0.992358803986711,0.9933698472182185,dt
666,0.3,1.0,0.9994266055045872,0.9996677740863787,0.9997132205334098,rf
667,0.3,1.0,0.9988532110091743,0.9993355481727575,0.9994262765347103,gb
668,0.3,0.9066115702479339,0.6290137614678899,0.7475083056478405,0.7427217332430603,gnb
669,0.3,0.7599351175993512,0.5372706422018348,0.6335548172757475,0.6294927779643937,bnb
670,0.3,0.8908268733850129,0.7907110091743119,0.8225913621262458,0.8377885783718104,mnb
671,0.3,0.8356492573071395,1.0,0.8860465116279069,0.9104672409292613,lstm
672,0.3,0.5794019933554817,1.0,0.5794019933554817,0.7336979385780396,cnn
673,0.4,0.9944037882049075,0.9944037882049075,0.99352105656616,0.9944037882049075,knn
674,0.4,0.676159718144451,0.9913904433921653,0.7201594816845253,0.8039797521382439,lr
675,0.4,0.8347107438016529,1.0,0.8853725392474459,0.9099099099099098,lsvc
676,0.4,0.8571955719557196,1.0,0.903563418888612,0.9231074905622889,svc
677,0.4,0.9991289198606271,0.9875161429186397,0.9922751059058061,0.9932885906040267,dt
678,0.4,1.0,1.0,1.0,1.0,rf
679,0.4,0.9995693367786391,0.9991390443392165,0.9992524296037877,0.9993541442411196,gb
680,0.4,0.906832298136646,0.6284976323719328,0.74757039621231,0.7424357996440376,gnb
681,0.4,0.7601947656725502,0.5376668101592768,0.6341888861201096,0.6298537569339384,bnb
682,0.4,0.8820732287208749,0.7985363753766681,0.8215798654373286,0.8382286488929055,mnb
683,0.4,0.8460694698354662,0.9961256995264743,0.8928482432095689,0.9149861605377619,lstm
684,0.4,0.5788686768003987,1.0,0.5788686768003987,0.733270202020202,cnn
685,0.2,0.9965811965811966,0.9931856899488927,0.9940209267563528,0.9948805460750852,knn
686,0.2,0.6852286049237983,0.995741056218058,0.7299451918285998,0.8118055555555556,lr
687,0.2,0.8754071661237784,0.9156729131175468,0.874439461883408,0.8950874271440465,lsvc
688,0.2,0.8664206642066421,1.0,0.9098156452416543,0.9284302095689996,svc
689,0.2,0.9982788296041308,0.9880749574105622,0.9920279023418037,0.9931506849315068,dt
690,0.2,1.0,1.0,1.0,1.0,rf
691,0.2,1.0,0.9991482112436116,0.9995017438963627,0.9995739241585002,gb
692,0.2,0.9002493765586035,0.6149914821124361,0.7349277528649726,0.7307692307692308,gnb
693,0.2,0.7758830694275274,0.5425894378194208,0.6407573492775287,0.63859649122807,bnb
694,0.2,0.8954937679769894,0.7955706984667802,0.8261086198305929,0.8425800631483986,mnb
695,0.2,0.8580833942940747,0.9991482112436116,0.9028400597907325,0.923258559622196,lstm
696,0.2,0.5849526656701545,1.0,0.5849526656701545,0.7381326626846904,cnn
697,0.3,0.9925501432664756,0.9931192660550459,0.9916943521594684,0.9928346231011752,knn
698,0.3,0.676171875,0.992545871559633,0.720265780730897,0.8043680297397768,lr
699,0.3,0.8689692982456141,0.9088302752293578,0.8677740863787375,0.8884529147982063,lsvc
700,0.3,0.8633663366336634,1.0,0.9083056478405316,0.9266737513283742,svc
701,0.3,0.998840579710145,0.9879587155963303,0.992358803986711,0.9933698472182185,dt
702,0.3,1.0,0.9994266055045872,0.9996677740863787,0.9997132205334098,rf
703,0.3,1.0,0.9988532110091743,0.9993355481727575,0.9994262765347103,gb
704,0.3,0.9066115702479339,0.6290137614678899,0.7475083056478405,0.7427217332430603,gnb
705,0.3,0.7599351175993512,0.5372706422018348,0.6335548172757475,0.6294927779643937,bnb
706,0.3,0.8908268733850129,0.7907110091743119,0.8225913621262458,0.8377885783718104,mnb
707,0.3,0.8570717131474104,0.9868119266055045,0.8970099667774086,0.9173773987206822,lstm
708,0.3,0.5794019933554817,1.0,0.5794019933554817,0.7336979385780396,cnn
709,0.4,0.9944037882049075,0.9944037882049075,0.99352105656616,0.9944037882049075,knn
710,0.4,0.676159718144451,0.9913904433921653,0.7201594816845253,0.8039797521382439,lr
711,0.4,0.8630470016207455,0.9169177787343952,0.8676800398704211,0.8891671884783972,lsvc
712,0.4,0.8571955719557196,1.0,0.903563418888612,0.9231074905622889,svc
713,0.4,0.9991289198606271,0.9875161429186397,0.9922751059058061,0.9932885906040267,dt
714,0.4,1.0,1.0,1.0,1.0,rf
715,0.4,0.9995693367786391,0.9991390443392165,0.9992524296037877,0.9993541442411196,gb
716,0.4,0.906832298136646,0.6284976323719328,0.74757039621231,0.7424357996440376,gnb
717,0.4,0.7601947656725502,0.5376668101592768,0.6341888861201096,0.6298537569339384,bnb
718,0.4,0.8820732287208749,0.7985363753766681,0.8215798654373286,0.8382286488929055,mnb
719,0.4,0.8311270125223613,1.0,0.8823822576625966,0.9077764751856193,lstm
720,0.4,0.5788686768003987,1.0,0.5788686768003987,0.733270202020202,cnn
